﻿<?xml version="1.0" encoding="utf-8"?>
<SupportedLanguages version="1.0.0.0">
	<Languages id="en">
		<option id="xx">xx_in_en</option>
	</Languages>
	<Languages id="fr">
		<option id="xx">xx_in_fr</option>
	</Languages>
	<Languages id="de">
		<option id="xx">xx_in_de</option>
	</Languages>
	<Languages id="es">
		<option id="xx">xx_in_es</option>
	</Languages>
	<Languages id="zh">
		<option id="xx">xx_in_zh</option>
	</Languages>
	<Languages id="it">
		<option id="xx">xx_in_it</option>
	</Languages>
	<Languages id="nl">
		<option id="xx">xx_in_nl</option>
	</Languages>
	<Languages id="xx">
		<option id="en">en_in_xx</option>
		<option id="fr">fr_in_xx</option>
		<option id="de">de_in_xx</option>
		<option id="es">es_in_xx</option>
		<option id="zh">zh_in_xx</option>
		<option id="it">it_in_xx</option>
		<option id="nl">nl_in_xx</option>
		<option id="xx">xx_in_xx</option>
	</Languages>
</SupportedLanguages>